name,email,phone,signup_date
  Craig Carpenter  ,michael31@example.com,(357)7594929,"Apr 25, 2025"
tracey higgins,tamirodriguez@example.org,(966)3193149,16/08/2024
  Jon Clark  ,arivera@example.org,(197)2181143,15/08/2025
  Corey Rodriguez  ,jessicawong@example.net,054-932-9668,"Jun 26, 2022"
JASON HERRERA,shannonford@example.org,249-035-2135,2024-03-19
  Michael Valencia  ,keyemily@example.com,(278)7429671,2024-07-04
casey gillespie,lfrench@example.net,0049915478,"Dec 17, 2025"
DANA ARMSTRONG,leescott@example.com,(636)8970283,2026-02-21
  Elizabeth Davis  ,farmstrong@example.org,(506)1497310,"May 15, 2022"
  Brian Fowler  ,emily61@example.org,8685289755,"Mar 07, 2025"
haley humphrey,katrinaanderson@example.net,1824225358,05/05/2023
robert harrison,michealvalentine@example.com,4688623924,"May 22, 2026"
  Omar Ware  ,yvargas@example.org,(341)9182553,"Nov 01, 2025"
JAMES BRYANT,evaughn@example.com,(120)2169797,2024-09-21
  Charles Morris  ,adamreyes@example.com,5499045301,13/02/2025
MARGARET HARPER,wmatthews@example.com,9249912513,05/11/2024
SYLVIA JONES,gonzalezdebbie@example.org,(510)7029667,21/02/2023
nicholas fuller,webbhaley@example.net,(695)4899529,"Nov 27, 2025"
STEVEN SCOTT,philip55@example.com,0171577245,"Dec 29, 2025"
daniel jones,perezrebecca@example.com,834-738-2997,"Apr 17, 2023"
  Kelly Reese  ,xwest@example.net,783-908-4700,2022-08-04
Terry Coffey,julie51@example.com,,2022-04-24
Robin Johnson,jeremiah56@example.net,1689363926,29/06/2025
Shawn Watson,javier42@example.org,031-780-7823,"Apr 24, 2024"
Rebekah Norton,wcasey@example.com,598-564-2059,04/03/2022
ANGELA MOORE,jodistewart@example.org,047-541-2126,"Jan 12, 2026"
CARLOS BREWER,wstewart@example.org,7991183842,"Oct 25, 2024"
  Wayne Williams  ,andreagray@example.org,7797177517,07/03/2025
MARY JONES,alexander67@example.org,572-628-4987,2023-12-15
TRAVIS MILLER,wfreeman@example.org,770-143-6349,10/03/2026
  Jessica Petersen  ,jessica91@example.org,3678508214,2026-02-17
CAROL MOORE,shannonemily@example.org,8000307562,28/03/2025
ALEXANDER GOMEZ,carlsonkristen@example.com,(466)1839826,2024-03-26
Kathryn Rosario,vgarcia@example.net,820-377-8892,19/12/2024
erik floyd,xhill@example.org,(777)5478129,2026-04-03
  William Carter  ,stephanie81@example.org,(042)2325367,12/03/2025
kelli smith,john16@example.net,182-755-3942,"Sep 02, 2023"
RICHARD LINDSEY,heather06@example.com,580-043-9735,"May 06, 2023"
linda rich,davisdonna@example.net,686-508-6376,2022-07-03
CHRISTINE POOLE,elucas@example.net,075-011-0248,15/11/2023
  Ashley Hicks  ,michael23@example.org,,01/12/2022
ANDRES MAY,hbarrett@example.net,0539103717,"Mar 18, 2025"
STEPHANIE SOTO,tjensen@example.com,8179217174,"Jul 30, 2023"
  Zachary Pierce  ,jacqueline44@example.com,1351823374,"Jan 30, 2024"
  Joseph Obrien  ,sarahcampos@example.net,4657871331,"May 20, 2026"
DAVID CANNON,campbellnancy@example.com,(300)9818063,"Jul 31, 2022"
tyler hoffman,jenkinsmorgan@example.com,4945198327,"May 28, 2026"
  Joyce Turner  ,gcastaneda@example.org,959-440-6409,"Feb 09, 2024"
Raymond Quinn,dennis88@example.org,(580)3928272,2022-12-01
THOMAS BLACK,kgreene@example.net,(413)7977236,"Mar 22, 2023"
Tracey Phillips,tonyajones@example.org,606-484-2294,2022-12-27
Richard King,joshua40@example.net,9292752437,2024-08-03
GEORGE HARPER,,151-864-4925,24/08/2024
matthew king,ncunningham@example.com,(368)8725887,"Aug 07, 2024"
  Monica Herrera  ,,,2024-11-22
  Briana Wiggins  ,jamiejohnson@example.com,040-915-7018,29/04/2024
Linda Dodson DVM,jrivas@example.com,7743487347,26/12/2023
  Crystal Schroeder  ,ramireztracey@example.org,210-205-3950,2022-10-01
Douglas Harper,amitchell@example.org,2456506098,16/02/2024
  Nicholas Hill  ,caseymoore@example.com,8570862095,18/03/2022
MATTHEW SMITH,qguerrero@example.net,104-636-8157,05/04/2023
Joshua Petersen,pamela83@example.net,5503758997,02/07/2022
  Hannah Davis  ,tflores@example.org,,"Aug 26, 2022"
matthew alexander,courtneyhernandez@example.com,(311)2196565,"May 22, 2022"
Meagan Taylor MD,thomasnicole@example.net,,21/05/2025
THOMAS BLACK,kgreene@example.net,(413)7977236,"Mar 22, 2023"
TIM PATTON,vpham@example.org,2160733754,"Apr 26, 2023"
Edward Fuller,barbara10@example.net,4131647525,"Apr 12, 2022"
Steve Davis,qmccoy@example.net,8949058077,2024-06-28
Michelle Harris,udavis@example.net,(111)7518689,"Nov 28, 2024"
jonathon nguyen,wilsonmathew@example.com,235-577-0272,09/08/2025
  Katherine Joyce  ,raymond92@example.org,(780)8562718,"Oct 09, 2021"
rebekah greene,erin07@example.com,666-099-3538,2024-03-23
JESSICA SWANSON,annalewis@example.net,(577)6004908,24/03/2024
Sean Mccarty,barbarasantos@example.net,455-877-1694,17/07/2024
MICHEAL BROCK,ghernandez@example.org,952-694-9588,2024-03-22
Erin Cook,kevinmorrison@example.net,(752)6547935,11/10/2024
Jasmine Watson,cwood@example.org,(774)3490211,"Aug 10, 2023"
chad jones,rachelwallace@example.org,518-844-2258,"Nov 08, 2022"
kayla jackson,sandra99@example.org,(662)1038862,20/09/2025
Austin Wheeler,tharper@example.org,(067)3830284,02/08/2026
Melissa Vasquez,xevans@example.com,930-853-6866,"Nov 21, 2024"
DANA ARMSTRONG,leescott@example.com,(636)8970283,2026-02-21
Megan Flores,nancy83@example.com,(408)9268705,19/03/2025
  Mrs. Emily Ingram  ,samantha88@example.net,(107)5224593,15/06/2022
MELISSA PADILLA,jherman@example.com,6785445877,"May 27, 2023"
Seth Matthews,max41@example.com,(602)9333346,2025-09-14
MR. DONALD FISCHER,reeddaniel@example.net,8403690034,19/02/2024
Heather Bradley,annalopez@example.com,(270)1039308,21/05/2023
  Alan Rivera  ,whitneybrandy@example.net,(974)9930972,06/12/2022
emily higgins,theresa25@example.net,537-147-3210,"Mar 25, 2025"
Brian Martin,ssteele@example.net,(807)1545168,09/03/2025
  Ryan Roth  ,martinezkayla@example.org,(730)3718376,12/01/2022
CHRISTOPHER HERNANDEZ,thompsonkendra@example.com,9979955271,04/01/2024
JENNIFER RIVERA,olsontimothy@example.org,6030299228,23/02/2022
REBECCA BROOKS,kelsey90@example.net,(100)1676184,01/10/2021
MELISSA PADILLA,jherman@example.com,6785445877,"May 27, 2023"
  Diana Evans  ,kellie37@example.com,5844198665,"Feb 13, 2024"
VINCENT DALTON,zcoffey@example.net,1604817549,2023-08-30
  Sean Moore  ,sarah53@example.org,8774701687,2024-09-03
  Patricia Simpson  ,armstrongjoseph@example.net,8078361340,"May 31, 2022"
BARBARA GATES,nicholasgallagher@example.net,124-471-7465,12/01/2024
ADAM BURGESS,davidpatel@example.org,1606071596,19/02/2024
michael montoya,ebenson@example.org,(611)1554262,"Jun 19, 2026"
Jason Hart,joycesmith@example.net,4235369378,2025-11-05
AMANDA MOORE,derekmyers@example.net,2450882100,29/03/2026
marissa nelson,joseph14@example.net,,"Aug 22, 2026"
Jennifer Newton,annette58@example.net,,31/10/2021
  Laura Higgins  ,psnyder@example.org,(163)2870831,"Mar 11, 2026"
Carlos Roberts,omartinez@example.net,248-086-1317,2024-02-26
leon reyes,tyleraguilar@example.org,(474)0748217,13/04/2025
michael paul,umatthews@example.org,1796405377,18/10/2024
jerry sullivan,andre18@example.org,(901)5814491,12/01/2025
Matthew Gonzalez DDS,johnadams@example.com,(911)6655355,"Feb 10, 2023"
sheri buchanan,hayesmargaret@example.org,8860868034,"Feb 08, 2024"
  Jessica Brown  ,nathanlynch@example.net,698-490-2770,"May 01, 2023"
  Bruce Brown  ,kennedyjames@example.org,846-022-3569,17/03/2023
ROBERT ROBLES,angela14@example.net,696-393-8276,2025-05-04
JEFFREY DANIELS,cheryl80@example.net,124-118-2449,2023-12-02
  Brandy Taylor  ,,(796)9278687,2023-04-03
  Megan Decker  ,jenkinsalicia@example.net,5344300910,"Sep 16, 2022"
LORI CLAY,cbrennan@example.net,343-161-1724,24/02/2022
Charles Jackson,robert71@example.com,(379)9371240,2024-11-26
Kyle Mcdonald,tasha01@example.net,(514)6270482,"Dec 28, 2025"
richard le,cruzjessica@example.org,,2025-03-12
  William Davenport  ,goodsteven@example.net,(863)3752431,"Oct 21, 2021"
mary grimes,wryan@example.com,753-396-3605,19/12/2022
Logan Sullivan,millermatthew@example.com,4496475987,2021-11-13
James Thomas,yknight@example.org,,13/02/2023
MRS. DONNA WHITE,katiegood@example.net,5676618251,04/03/2026
james payne jr.,kkramer@example.net,(271)0405411,15/01/2023
Carlos Roberts,omartinez@example.net,248-086-1317,2024-02-26
  Angela Bradshaw  ,julie33@example.net,842-199-3308,11/07/2022
Justin Bradley,kgarcia@example.org,4717545588,05/03/2025
  Heather Jones  ,dhayes@example.com,1199867980,2024-05-28
JASON BECK,millsmichael@example.net,670-654-0515,02/07/2024
MATTHEW GOMEZ,uowens@example.org,065-133-3872,2025-08-10
DAVID MOON,joseph19@example.com,802-380-6174,2026-05-18
Jennifer Taylor,adkinssean@example.net,1386589026,07/09/2025
rebecca brown,allison14@example.org,(811)3863383,03/06/2026
  Christopher Rogers  ,fernandothomas@example.net,6447421230,2025-07-28
Wayne Johnson,campbelldavid@example.com,3120735647,25/06/2024
krista martinez,mlittle@example.com,3136502491,2022-01-11
timothy carlson,tracy98@example.com,(583)2818268,23/08/2024
  Amy Bates  ,joelgreen@example.com,557-431-3291,2025-06-30
Jay Austin,vaughnrebecca@example.com,1812982665,2025-07-13
raymond curry,aprilbyrd@example.org,,"May 03, 2024"
Luke Estrada,bhopkins@example.org,(008)4840862,09/12/2022
DENISE DAVENPORT,jsanchez@example.org,(398)2146584,2026-08-31
AUTUMN HAMPTON,nlewis@example.com,,"Nov 07, 2025"
jamie montgomery,vwilliams@example.net,(074)5054447,24/03/2024
REBECCA BROOKS,kelsey90@example.net,(100)1676184,01/10/2021
nicole trujillo,bquinn@example.net,524-077-8487,18/04/2026
DR. ELIZABETH WARD,alexis82@example.com,0842710947,"Mar 29, 2023"
Melissa Barker,nathandavis@example.org,1950052812,"Jun 03, 2026"
austin joseph,crawfordwilliam@example.org,,"Dec 03, 2025"
  Charles Bush  ,audrey21@example.com,870-207-0160,13/03/2023
  Elizabeth Carter  ,ryan25@example.com,3260332309,"Oct 15, 2024"
johnny ward,tanner82@example.net,(146)7866912,20/08/2025
  Alyssa Lee  ,marywright@example.com,534-578-6103,19/06/2025
pamela butler,jimenezcourtney@example.com,7364710276,"Jul 25, 2024"
  Kyle Andrade  ,mbarnes@example.net,4654722698,"May 19, 2026"
MARK JOHNSON,nicholaschavez@example.org,4599102290,"Apr 12, 2025"
laura robinson,cummingslaura@example.org,919-409-6105,"Sep 12, 2022"
brian glover,qburns@example.com,,2022-06-13
Toni Banks,jasminehoffman@example.net,3926442209,"Mar 22, 2023"
  Thomas Ramos  ,williamsyvette@example.org,(326)7736026,2025-07-17
Rebekah Norton,wcasey@example.com,598-564-2059,04/03/2022
DR. LINDA UNDERWOOD,,(663)7239504,"Aug 14, 2025"
  Maria Thomas  ,johnhoffman@example.com,(965)3287101,2022-03-19
  Sherri Davis  ,john52@example.org,436-110-3712,2025-06-16
REBECCA BROOKS,kelsey90@example.net,(100)1676184,01/10/2021
Paul Grant,seanmyers@example.net,507-146-1125,07/06/2023
Steven Wilkins,,814-721-4586,2022-03-02
MARIA BURKE,walkercharlene@example.com,(665)7437489,"Sep 25, 2021"
jacob tran,tanderson@example.com,5331586923,19/11/2021
mr. robert franklin md,briannaalvarez@example.com,1990384983,"Feb 21, 2022"
  Kayla Barnes  ,baileyhenderson@example.com,8274225790,01/11/2022
Cheryl Ortega,lbyrd@example.net,680-443-6995,"Jun 28, 2023"
  Carol Lewis  ,davidhenderson@example.net,3294511686,03/02/2026
Sara Cardenas,rsheppard@example.com,7416089899,"Feb 22, 2023"
LORI CLAY,cbrennan@example.net,343-161-1724,24/02/2022
  Tammy Barron  ,hannah45@example.net,327-279-5687,"May 15, 2022"
JAMES DAVIDSON,joshuacollins@example.net,(285)6914630,"Aug 29, 2022"
Robin Johnson,jeremiah56@example.net,1689363926,29/06/2025
KRISTA MARTINEZ,christina18@example.net,9922995900,2023-12-04
ADAM BURGESS,davidpatel@example.org,1606071596,19/02/2024
Allison Hill,,218-196-0013,2021-11-24
MRS. DONNA WHITE,katiegood@example.net,5676618251,04/03/2026
  Zachary Moore  ,megan18@example.net,592-962-2292,2024-10-08
TERRY EVANS,ntorres@example.org,,"Jul 08, 2022"
joseph cross,mcclainkatherine@example.net,(003)3542168,2022-03-24
  Angela Clark  ,jason82@example.org,(394)3129087,2022-03-31
lee parker,davidzimmerman@example.net,(275)8842524,2025-04-28
greg rodriguez,,(382)8258673,2025-05-07
Gina Thompson,brian29@example.net,1851569154,22/05/2025
brian glover,qburns@example.com,,2022-06-13
  Xavier Rowe  ,jasonrojas@example.net,(962)9233095,2026-04-03
monica garcia,robertwoodward@example.org,103-865-7191,23/04/2022
JUSTIN VARGAS,erinpierce@example.net,3741672434,2022-04-20
Christine Gonzalez,joshua57@example.net,4224109881,2026-05-06
Danielle Odonnell,davisrodney@example.com,052-427-8680,2026-04-25
Nicholas Bell,jenniferfreeman@example.net,(801)0062312,2025-07-20
Kaitlyn Howard,terrigarcia@example.net,480-396-5223,2021-11-29
ALLISON BLACK,willie87@example.com,(435)8112880,"Apr 12, 2025"
TAMMY PONCE,daniellegarcia@example.com,5135521570,2022-04-01
kelsey cox,brownamy@example.net,9822587139,2025-06-18
JENNIFER WILCOX,gperry@example.com,5452711116,"May 28, 2026"
michael cross,smoore@example.org,9805009788,"May 09, 2022"
  David Michael  ,nicole37@example.net,5075273545,2026-05-26
MICHELLE BLACK,mitchellkathryn@example.com,826-137-5060,05/09/2023
THEODORE JONES JR.,cameronhill@example.net,(698)4789611,2025-07-06
rebecca brown,allison14@example.org,(811)3863383,03/06/2026
Anthony Brown,karen24@example.net,2043805719,24/12/2024
joshua cooke,jeffrey10@example.org,3092327193,2023-02-06
JODY PALMER,jelliott@example.com,064-039-1065,"Apr 05, 2022"
james hoffman,fortiz@example.com,721-903-4043,24/07/2025
William Johnson,jbond@example.net,1712100323,"Aug 17, 2026"
Rebekah Norton,wcasey@example.com,598-564-2059,04/03/2022
FRANK CAMPBELL MD,ashleewashington@example.com,017-012-7706,"Jan 09, 2023"
Jerry Wheeler,antonio44@example.net,(134)9361832,2022-03-07
DEBORAH STEPHENS,nicholasgray@example.net,8463865577,2022-11-08
Manuel Hahn,rose31@example.net,4612004711,"Dec 23, 2024"
MR. DONALD FISCHER,reeddaniel@example.net,8403690034,19/02/2024
  Carolyn Daniel  ,stevennelson@example.net,503-056-4139,2025-01-14
  Cristina Delgado  ,walterscrystal@example.org,805-892-5832,26/07/2026
Michelle Miles,lrobinson@example.com,265-423-5116,"Dec 03, 2023"
  Terry Hill  ,cstephenson@example.net,4768701462,"Oct 17, 2023"
  Sarah Davis  ,brettbennett@example.net,(139)8373540,"Sep 29, 2025"
OSCAR RAMOS,davidroberson@example.org,557-784-8728,"Jul 22, 2025"
SARA WALTER,kellyruiz@example.net,825-135-3465,"Mar 04, 2024"
Courtney Peterson,amy51@example.org,7261493316,2024-07-18
ERIC REESE,noahthornton@example.com,(286)0476580,06/05/2025
Adam Jimenez,jenniferadams@example.net,(009)7519712,"Jan 26, 2026"
  Crystal Johnson  ,wattsthomas@example.net,526-772-2330,2025-03-09
Lisa Branch MD,scottglass@example.org,(521)1039240,"Jul 02, 2025"
Christine Taylor,michelleparker@example.net,(629)2518812,20/05/2024
David King,clarkrandy@example.org,780-068-1149,"Apr 21, 2024"
MATTHEW BATES,brookehurley@example.com,(528)1685054,"Oct 22, 2025"
daniel jones,perezrebecca@example.com,834-738-2997,"Apr 17, 2023"
dawn hensley,shortrichard@example.org,229-413-1869,2026-02-12
CHRISTINE CLARK,mooreglenn@example.org,,"Jan 02, 2023"
  Jessica Petersen  ,jessica91@example.org,3678508214,2026-02-17
KEITH JACOBS,xrush@example.com,928-565-4310,"Dec 18, 2024"
Kimberly Villanueva,morgantricia@example.com,(629)6201533,06/12/2023
Katherine Welch,lawrencebrown@example.com,3292712966,06/12/2024
  Linda Wilkins  ,troy01@example.org,9022784699,13/05/2024
steven miller,jessebenson@example.net,(166)5876036,2026-07-27
bobby garrett,justin84@example.com,122-417-9749,2021-11-02
harold morgan,mariacohen@example.net,2217043030,22/01/2025
brittany farmer,georgetracy@example.org,4303911718,2026-05-08
VANESSA HOWARD,hhill@example.com,3900532931,05/07/2023
Jonathan Duran,marcia99@example.org,1655852398,21/01/2022
steven lee,fletcheraaron@example.net,5615951484,09/03/2024
Courtney Roberts,vhernandez@example.org,908-641-6862,"May 11, 2023"
  Christina Weber  ,glenda22@example.net,(158)7996846,"Nov 20, 2021"
Michele Miller,vnewman@example.net,803-397-4014,14/03/2023
  Mckenzie Morgan  ,reynoldsjessica@example.com,6289002877,2024-05-26
Cynthia Park,tgarrett@example.com,(668)3272386,"Feb 16, 2024"
DANIEL RIVERA,kelly98@example.com,1573993056,2026-04-08
james elliott,millerroy@example.com,046-537-5564,2025-09-03
karen howard,kathleenhall@example.com,(303)8567700,"Dec 31, 2023"
Andrea Jones,richarddavid@example.net,9909169985,2023-09-14
  Mary Bridges  ,anna99@example.com,1715454443,2022-02-26
robert frazier,wrobbins@example.org,986-240-5800,27/01/2024
ELIJAH WHITE,oallen@example.com,(708)6688263,2022-05-06
Andrew Shaw MD,sawyerscott@example.net,026-217-4596,2024-11-26
KYLE BLACK,christinacraig@example.com,0214656693,10/06/2022
CYNTHIA WALLACE,karen73@example.net,,"Sep 16, 2023"
jennifer jenkins,,4231220994,"Aug 21, 2023"
christopher anderson,lisale@example.org,632-270-2672,23/10/2025
bernard norton,powellkara@example.net,775-901-7518,2023-06-23
JESSICA COBB,gilbertcaldwell@example.net,199-758-1724,"Aug 06, 2022"
  Joseph Dean  ,wgarrett@example.org,,"May 28, 2023"
Tracey Phillips,tonyajones@example.org,606-484-2294,2022-12-27
Phillip Andrews,xbruce@example.net,9402445502,2022-04-07
MICHAEL HARRIS,carlho@example.com,573-660-9656,26/03/2026
  Stephanie Lucas  ,kristina09@example.com,145-623-2858,2023-11-10
  Shari Hobbs  ,,7716701450,30/07/2023
Kimberly Hughes,jcannon@example.net,565-118-1022,2025-10-19
aaron bell,acastaneda@example.net,7346706562,2026-03-20
Kyle Aguilar,ystephens@example.com,1352909656,"Nov 15, 2023"
  Heather Jones  ,dhayes@example.com,1199867980,2024-05-28
MITCHELL GARCIA,adampierce@example.org,7734540193,"Mar 24, 2025"
Kimberly King PhD,justinatkins@example.org,415-667-6527,"Dec 10, 2023"
david robertson,jason22@example.com,,05/09/2022
  Amanda Nash  ,mark10@example.org,224-999-8279,20/03/2024
Gary Singh,jamesmills@example.com,(920)6980420,2023-12-24
Jason House,bartonshannon@example.net,(708)0869782,"Jul 21, 2022"
kyle griffith,kimberly04@example.org,(640)3761379,28/09/2024
MADISON ELLIOTT,regina78@example.org,745-642-4008,"Aug 30, 2025"
regina frye,heather69@example.com,577-907-1416,2025-03-07
tyler yates,gary94@example.net,079-290-4904,21/12/2025
robert sawyer,michael56@example.net,(100)2255794,25/03/2023
TYLER STEVENS,amy49@example.com,,2023-04-23
Paul Thomas,kimberly18@example.com,,"Mar 21, 2023"
Rebekah Norton,wcasey@example.com,598-564-2059,04/03/2022
David Jones,unovak@example.org,773-586-6296,"Oct 08, 2023"
  Christopher Lynch DDS  ,aaronjohnson@example.net,3966055830,2022-04-01
manuel king,joseph61@example.com,(793)3410166,24/02/2022
Jamie Garcia,chloe42@example.net,(347)9552763,2025-01-29
BONNIE VALENCIA,rdiaz@example.org,109-104-3006,"Mar 16, 2025"
SHELLEY CLARK,maryhuff@example.com,1117908075,"Jul 23, 2026"
EMILY ALI,karenmarquez@example.com,4293968562,2022-02-16
matthew bates,cindy26@example.org,(411)7393483,"Jan 14, 2023"
  Nicholas Sims  ,mcclainmelissa@example.net,9969308488,"Jan 04, 2025"
REBECCA MOYER,donnacampbell@example.net,134-332-0037,13/03/2025
MOLLY HANSEN,michael43@example.net,(769)0426818,"Jul 25, 2024"
nicholas buck,yhill@example.org,658-202-9702,02/10/2024
emily higgins,theresa25@example.net,537-147-3210,"Mar 25, 2025"
monica miller,,(845)1154479,"Aug 30, 2024"
Brad Walker,sarah52@example.org,(472)7790104,28/02/2026
  Wayne Williams  ,andreagray@example.org,7797177517,07/03/2025
robert frazier,wrobbins@example.org,986-240-5800,27/01/2024
alex nguyen,xcollier@example.org,136-968-1645,"Apr 28, 2022"
  Shane Buchanan  ,jrodriguez@example.org,(191)4856467,28/12/2021
donald jones,michael86@example.net,0142940196,08/01/2026
mr. robert franklin md,briannaalvarez@example.com,1990384983,"Feb 21, 2022"
  Michael Marsh  ,carl24@example.org,(682)9962914,11/03/2025
walter castro,williamssandra@example.com,762-055-5438,18/12/2024
Crystal Pham,danaoliver@example.net,,"Nov 01, 2022"
jacob carter,jodi37@example.com,383-206-0385,2024-11-15
ERIC CURRY,scott74@example.net,4887719065,2022-06-13
ricardo young,williamsrobert@example.net,117-980-8932,2024-09-03
